run_id,run_url,ran_at_utc,commit_sha,fault_profile,fault_magnitude,target_category,iteration,scenario_name,outcome,duration_seconds
36874441764,https://github.com/gwuxdesign/ClientPortal.PRAT/actions/runs/36874441764,2026-10-01T14:13:32Z,a6da987779ab3dbb308e8beca5bd6c1b620d2027,Timing,6000,Login,1,LogoutFunctionality,Passed,5.753
36874441764,https://github.com/gwuxdesign/ClientPortal.PRAT/actions/runs/36874441764,2026-10-01T14:13:32Z,a6da987779ab3dbb308e8beca5bd6c1b620d2027,Timing,6000,Login,1,"LoginFieldValidation(""invalid"",""bad email"",""3"",null)",Passed,6.057
36874441764,https://github.com/gwuxdesign/ClientPortal.PRAT/actions/runs/36874441764,2026-10-01T14:13:32Z,a6da987779ab3dbb308e8beca5bd6c1b620d2027,Timing,6000,Login,1,"LoginFunctionalityWithValidation(""invalid"",""unsuccessful"",""1"",null)",Passed,4.255
36874441764,https://github.com/gwuxdesign/ClientPortal.PRAT/actions/runs/36874441764,2026-10-01T14:13:32Z,a6da987779ab3dbb308e8beca5bd6c1b620d2027,Timing,6000,Login,1,"LoginFieldValidation(""empty"",""empty login"",""2"",null)",Passed,6.461
36874441764,https://github.com/gwuxdesign/ClientPortal.PRAT/actions/runs/36874441764,2026-10-01T14:13:32Z,a6da987779ab3dbb308e8beca5bd6c1b620d2027,Timing,6000,Login,1,"LoginFunctionalityWithValidation(""valid"",""successful"",""0"",null)",Passed,6.67
36874441764,https://github.com/gwuxdesign/ClientPortal.PRAT/actions/runs/36874441764,2026-10-01T14:14:02Z,a6da987779ab3dbb308e8beca5bd6c1b620d2027,Timing,6000,Login,2,"LoginFieldValidation(""invalid"",""bad email"",""3"",null)",Passed,5.628
36874441764,https://github.com/gwuxdesign/ClientPortal.PRAT/actions/runs/36874441764,2026-10-01T14:14:02Z,a6da987779ab3dbb308e8beca5bd6c1b620d2027,Timing,6000,Login,2,"LoginFieldValidation(""empty"",""empty login"",""2"",null)",Passed,5.494
36874441764,https://github.com/gwuxdesign/ClientPortal.PRAT/actions/runs/36874441764,2026-10-01T14:14:02Z,a6da987779ab3dbb308e8beca5bd6c1b620d2027,Timing,6000,Login,2,LogoutFunctionality,Passed,6.845
36874441764,https://github.com/gwuxdesign/ClientPortal.PRAT/actions/runs/36874441764,2026-10-01T14:14:02Z,a6da987779ab3dbb308e8beca5bd6c1b620d2027,Timing,6000,Login,2,"LoginFunctionalityWithValidation(""valid"",""successful"",""0"",null)",Passed,6.571
36874441764,https://github.com/gwuxdesign/ClientPortal.PRAT/actions/runs/36874441764,2026-10-01T14:14:02Z,a6da987779ab3dbb308e8beca5bd6c1b620d2027,Timing,6000,Login,2,"LoginFunctionalityWithValidation(""invalid"",""unsuccessful"",""1"",null)",Passed,4.411
36874441764,https://github.com/gwuxdesign/ClientPortal.PRAT/actions/runs/36874441764,2026-10-01T14:14:32Z,a6da987779ab3dbb308e8beca5bd6c1b620d2027,Timing,6000,Login,3,"LoginFunctionalityWithValidation(""valid"",""successful"",""0"",null)",Passed,6.572
36874441764,https://github.com/gwuxdesign/ClientPortal.PRAT/actions/runs/36874441764,2026-10-01T14:14:32Z,a6da987779ab3dbb308e8beca5bd6c1b620d2027,Timing,6000,Login,3,"LoginFunctionalityWithValidation(""invalid"",""unsuccessful"",""1"",null)",Passed,4.01
36874441764,https://github.com/gwuxdesign/ClientPortal.PRAT/actions/runs/36874441764,2026-10-01T14:14:32Z,a6da987779ab3dbb308e8beca5bd6c1b620d2027,Timing,6000,Login,3,LogoutFunctionality,Passed,7.017
36874441764,https://github.com/gwuxdesign/ClientPortal.PRAT/actions/runs/36874441764,2026-10-01T14:14:32Z,a6da987779ab3dbb308e8beca5bd6c1b620d2027,Timing,6000,Login,3,"LoginFieldValidation(""empty"",""empty login"",""2"",null)",Passed,5.812
36874441764,https://github.com/gwuxdesign/ClientPortal.PRAT/actions/runs/36874441764,2026-10-01T14:14:32Z,a6da987779ab3dbb308e8beca5bd6c1b620d2027,Timing,6000,Login,3,"LoginFieldValidation(""invalid"",""bad email"",""3"",null)",Passed,5.6
36874441764,https://github.com/gwuxdesign/ClientPortal.PRAT/actions/runs/36874441764,2026-10-01T14:15:02Z,a6da987779ab3dbb308e8beca5bd6c1b620d2027,Timing,6000,Login,4,"LoginFunctionalityWithValidation(""invalid"",""unsuccessful"",""1"",null)",Passed,3.768
36874441764,https://github.com/gwuxdesign/ClientPortal.PRAT/actions/runs/36874441764,2026-10-01T14:15:02Z,a6da987779ab3dbb308e8beca5bd6c1b620d2027,Timing,6000,Login,4,LogoutFunctionality,Passed,5.63
36874441764,https://github.com/gwuxdesign/ClientPortal.PRAT/actions/runs/36874441764,2026-10-01T14:15:02Z,a6da987779ab3dbb308e8beca5bd6c1b620d2027,Timing,6000,Login,4,"LoginFunctionalityWithValidation(""valid"",""successful"",""0"",null)",Passed,6.623
36874441764,https://github.com/gwuxdesign/ClientPortal.PRAT/actions/runs/36874441764,2026-10-01T14:15:02Z,a6da987779ab3dbb308e8beca5bd6c1b620d2027,Timing,6000,Login,4,"LoginFieldValidation(""invalid"",""bad email"",""3"",null)",Passed,6.443
36874441764,https://github.com/gwuxdesign/ClientPortal.PRAT/actions/runs/36874441764,2026-10-01T14:15:02Z,a6da987779ab3dbb308e8beca5bd6c1b620d2027,Timing,6000,Login,4,"LoginFieldValidation(""empty"",""empty login"",""2"",null)",Passed,6.108
36874441764,https://github.com/gwuxdesign/ClientPortal.PRAT/actions/runs/36874441764,2026-10-01T14:15:33Z,a6da987779ab3dbb308e8beca5bd6c1b620d2027,Timing,6000,Login,5,LogoutFunctionality,Passed,5.945
36874441764,https://github.com/gwuxdesign/ClientPortal.PRAT/actions/runs/36874441764,2026-10-01T14:15:33Z,a6da987779ab3dbb308e8beca5bd6c1b620d2027,Timing,6000,Login,5,"LoginFieldValidation(""invalid"",""bad email"",""3"",null)",Passed,6.511
36874441764,https://github.com/gwuxdesign/ClientPortal.PRAT/actions/runs/36874441764,2026-10-01T14:15:33Z,a6da987779ab3dbb308e8beca5bd6c1b620d2027,Timing,6000,Login,5,"LoginFunctionalityWithValidation(""invalid"",""unsuccessful"",""1"",null)",Passed,4.121
36874441764,https://github.com/gwuxdesign/ClientPortal.PRAT/actions/runs/36874441764,2026-10-01T14:15:33Z,a6da987779ab3dbb308e8beca5bd6c1b620d2027,Timing,6000,Login,5,"LoginFieldValidation(""empty"",""empty login"",""2"",null)",Passed,6.943
36874441764,https://github.com/gwuxdesign/ClientPortal.PRAT/actions/runs/36874441764,2026-10-01T14:15:33Z,a6da987779ab3dbb308e8beca5bd6c1b620d2027,Timing,6000,Login,5,"LoginFunctionalityWithValidation(""valid"",""successful"",""0"",null)",Passed,6.256
