scenario,profile,magnitude,repeats,failures,label,is_flaky,feat_median_pass_ratio,feat_max_pass_ratio,feat_then_median_s,feat_then_max_s,feat_action_median_s,feat_action_max_s
CancelPasswordReset,Retry,0,10,0,always_pass,0,1.0,1.3191054603246677,0.0,0.0,2.1,2.8
"LoginFieldValidation(""empty"",""empty login"",""2"",null)",Timing,0,5,0,always_pass,0,1.0,1.170855870187719,0.0,0.0,3.1,3.1
"LoginFieldValidation(""empty"",""empty login"",""2"",null)",Timing,2000,5,0,always_pass,0,0.9850461342666244,1.003022589882278,0.0,0.0,3.1,3.1
"LoginFieldValidation(""empty"",""empty login"",""2"",null)",Timing,3000,10,0,always_pass,0,0.9728762328985047,1.0932230353165766,0.0,0.0,3.1,3.1
"LoginFieldValidation(""empty"",""empty login"",""2"",null)",Timing,3500,10,0,always_pass,0,0.9887050588609609,1.0684059815462934,0.0,0.0,3.1,3.1
"LoginFieldValidation(""empty"",""empty login"",""2"",null)",Timing,4000,10,0,always_pass,0,1.012249443207127,1.2451479478205536,0.0,0.0,3.1,3.3
"LoginFieldValidation(""invalid"",""bad email"",""3"",null)",Timing,0,5,0,always_pass,0,1.0,1.116808296125594,0.0,0.0,3.1,3.1
"LoginFieldValidation(""invalid"",""bad email"",""3"",null)",Timing,2000,5,0,always_pass,0,0.9203514330980844,0.9602477315281579,0.0,0.0,3.1,3.1
"LoginFieldValidation(""invalid"",""bad email"",""3"",null)",Timing,3000,10,0,always_pass,0,0.882543569062365,1.0524269047961978,0.0,0.0,3.1,3.1
"LoginFieldValidation(""invalid"",""bad email"",""3"",null)",Timing,3500,10,0,always_pass,0,0.884848048394066,1.0162753852801383,0.0,0.0,3.1,3.1
"LoginFieldValidation(""invalid"",""bad email"",""3"",null)",Timing,4000,10,0,always_pass,0,0.8859282730808008,1.082097076191848,0.0,0.0,3.1,3.1
"LoginFunctionalityWithValidation(""invalid"",""unsuccessful"",""1"",null)",Timing,0,5,0,always_pass,0,1.0,1.2952874331550803,0.4,0.4,2.7,4.3
"LoginFunctionalityWithValidation(""invalid"",""unsuccessful"",""1"",null)",Timing,2000,5,0,always_pass,0,1.2154077540106951,1.411096256684492,2.9,2.9,2.1,3.0
"LoginFunctionalityWithValidation(""invalid"",""unsuccessful"",""1"",null)",Timing,3000,10,0,always_pass,0,1.3777573529411762,1.522393048128342,3.9,3.9,2.05,3.0
"LoginFunctionalityWithValidation(""invalid"",""unsuccessful"",""1"",null)",Timing,3500,10,0,always_pass,0,1.3891209893048129,2.368148395721925,3.9,4.9,2.1,4.6
"LoginFunctionalityWithValidation(""invalid"",""unsuccessful"",""1"",null)",Timing,4000,10,0,always_pass,0,1.567095588235294,1.7172459893048129,4.9,4.9,2.1500000000000004,2.9
"LoginFunctionalityWithValidation(""valid"",""successful"",""0"",null)",Timing,0,5,0,always_pass,0,1.0,1.144604630843163,2.2,3.7,2.0,2.2
"LoginFunctionalityWithValidation(""valid"",""successful"",""0"",null)",Timing,2000,5,0,always_pass,0,1.6167176350662589,1.837774865297801,6.7,7.8,2.2,2.2
"LoginFunctionalityWithValidation(""valid"",""successful"",""0"",null)",Timing,3000,10,1,flaky,1,1.9139362166885103,2.0822775593417795,8.7,8.7,2.2,3.0
"LoginFunctionalityWithValidation(""valid"",""successful"",""0"",null)",Timing,3500,10,1,flaky,1,2.0492209116062328,2.1517402067860782,9.7,9.7,2.1,2.4
"LoginFunctionalityWithValidation(""valid"",""successful"",""0"",null)",Timing,4000,10,10,always_fail,0,,,,,,
LogoutFunctionality,Timing,0,5,0,always_pass,0,1.0,1.0637254901960782,0.9,1.9,2.2,2.9
LogoutFunctionality,Timing,2000,5,0,always_pass,0,0.8846153846153846,0.9720965309200603,0.9,0.9,2.2,2.4
LogoutFunctionality,Timing,3000,10,0,always_pass,0,0.8622423328305681,1.1833836098541979,0.9,1.9,2.1500000000000004,2.7
LogoutFunctionality,Timing,3500,10,0,always_pass,0,0.8480392156862745,1.0266465560583207,0.9,0.9,2.1500000000000004,2.4
LogoutFunctionality,Timing,4000,10,0,always_pass,0,0.9023378582202112,0.9959778783308195,0.9,1.9,2.1500000000000004,2.5
"NavigationAfterLogin(""Cookie policy"",""5"",null)",Latency,0,7,0,always_pass,0,1.0,1.4018023172650553,0.9,1.9,2.2,3.6
"NavigationAfterLogin(""Cookie policy"",""5"",null)",Latency,2000,5,0,always_pass,0,1.2015448433700473,1.3395794593048205,2.9,2.9,1.8,2.4
"NavigationAfterLogin(""Cookie policy"",""5"",null)",Latency,2500,10,1,flaky,1,1.199542268631097,1.2992418824202547,3.9,3.9,1.5,1.6
"NavigationAfterLogin(""Cookie policy"",""5"",null)",Latency,3000,12,3,flaky,1,1.2837934487197826,1.6006293806322414,3.9,3.9,1.5,3.3
"NavigationAfterLogin(""Cookie policy"",""5"",null)",Latency,3500,10,7,flaky,1,1.5399799742526106,1.5567157774281217,3.9,3.9,2.4,3.2
"NavigationAfterLogin(""Cookie policy"",""5"",null)",Latency,4000,5,5,always_fail,0,,,,,,
"NavigationAfterLogin(""My documents"",""2"",null)",Latency,0,7,0,always_pass,0,1.0,1.1795602605863194,0.9,0.9,2.5,3.2
"NavigationAfterLogin(""My documents"",""2"",null)",Latency,2000,5,0,always_pass,0,1.2251628664495113,1.3813789359391966,2.9,2.9,1.9,2.6
"NavigationAfterLogin(""My documents"",""2"",null)",Latency,2500,10,2,flaky,1,1.2552252985884906,1.4288816503800217,2.9,3.9,1.85,3.0
"NavigationAfterLogin(""My documents"",""2"",null)",Latency,3000,12,3,flaky,1,1.2311346362649294,1.501628664495114,3.9,3.9,1.6,2.9
"NavigationAfterLogin(""My documents"",""2"",null)",Latency,3500,10,7,flaky,1,1.2387350705754614,1.2713083604777415,3.9,3.9,1.5,1.6
"NavigationAfterLogin(""My documents"",""2"",null)",Latency,4000,5,5,always_fail,0,,,,,,
"NavigationAfterLogin(""My notifications"",""0"",null)",Latency,0,7,1,flaky,1,1.0,1.4454379720461845,0.0,0.0,2.2,3.1
"NavigationAfterLogin(""My notifications"",""0"",null)",Latency,2000,5,0,always_pass,0,1.0002604392742425,1.0598142199843736,0.0,0.0,1.9,2.0
"NavigationAfterLogin(""My notifications"",""0"",null)",Latency,2500,10,1,flaky,1,1.0049483462106086,1.2386491882975954,0.0,0.0,1.9,3.2
"NavigationAfterLogin(""My notifications"",""0"",null)",Latency,3000,12,0,always_pass,0,0.9421824811181526,1.2619150967965969,0.0,0.0,1.8,3.0
"NavigationAfterLogin(""My notifications"",""0"",null)",Latency,3500,10,0,always_pass,0,0.9050264779928814,1.102179008594496,0.0,0.0,1.5,2.3
"NavigationAfterLogin(""My notifications"",""0"",null)",Latency,4000,5,0,always_pass,0,1.0110252626096017,1.0919350638076222,0.0,0.0,1.9,2.0
"NavigationAfterLogin(""My profile"",""1"",null)",Latency,0,7,0,always_pass,0,1.0,2.1455598912143783,1.7,2.2,2.7,7.7
"NavigationAfterLogin(""My profile"",""1"",null)",Latency,2000,5,0,always_pass,0,1.2860352370817072,1.7747428166016317,5.7,7.7,1.9,2.9
"NavigationAfterLogin(""My profile"",""1"",null)",Latency,2500,10,1,flaky,1,1.3795672224192974,1.9316542509164003,6.7,7.7,1.8,4.9
"NavigationAfterLogin(""My profile"",""1"",null)",Latency,3000,12,1,flaky,1,1.5326948090339363,2.018446257538134,7.7,8.7,1.5,3.1
"NavigationAfterLogin(""My profile"",""1"",null)",Latency,3500,10,6,flaky,1,1.6204327775807024,1.6551968783256472,8.7,8.7,1.5,2.0
"NavigationAfterLogin(""My profile"",""1"",null)",Latency,4000,5,5,always_fail,0,,,,,,
"NavigationAfterLogin(""Privacy policy"",""3"",null)",Latency,0,7,0,always_pass,0,1.0,1.658168574401665,0.9,3.9,2.4,3.4
"NavigationAfterLogin(""Privacy policy"",""3"",null)",Latency,2000,5,0,always_pass,0,1.1279916753381896,1.2248959417273673,2.9,3.9,1.8,2.2
"NavigationAfterLogin(""Privacy policy"",""3"",null)",Latency,2500,10,0,always_pass,0,1.108025494276795,1.3690166493236213,3.9,3.9,1.55,2.4
"NavigationAfterLogin(""Privacy policy"",""3"",null)",Latency,3000,12,2,flaky,1,1.1473074921956294,1.4369146722164414,3.9,3.9,1.5,3.0
"NavigationAfterLogin(""Privacy policy"",""3"",null)",Latency,3500,10,8,flaky,1,1.2038891779396461,1.2278876170655566,3.9,3.9,1.65,1.8
"NavigationAfterLogin(""Privacy policy"",""3"",null)",Latency,4000,5,5,always_fail,0,,,,,,
"NavigationAfterLogin(""Terms and conditions"",""4"",null)",Latency,0,7,0,always_pass,0,1.0,1.5232452142206017,0.9,0.9,2.1,3.3
"NavigationAfterLogin(""Terms and conditions"",""4"",null)",Latency,2000,5,1,flaky,1,1.3454117289577638,1.6042236402309327,3.4,3.9,2.15,2.5
"NavigationAfterLogin(""Terms and conditions"",""4"",null)",Latency,2500,10,0,always_pass,0,1.3203433606806443,1.5001519295047099,3.9,3.9,1.5,2.3
"NavigationAfterLogin(""Terms and conditions"",""4"",null)",Latency,3000,12,3,flaky,1,1.4096019446976604,1.8521725919173504,3.9,3.9,1.9,3.6
"NavigationAfterLogin(""Terms and conditions"",""4"",null)",Latency,3500,10,4,flaky,1,1.409981768459435,1.6109085384381647,3.9,3.9,1.7,2.3
"NavigationAfterLogin(""Terms and conditions"",""4"",null)",Latency,4000,5,5,always_fail,0,,,,,,
NavigationLoginPage,Latency,0,7,0,always_pass,0,1.0,1.5516069221260815,0.4,0.9,1.9,3.0
NavigationLoginPage,Latency,2000,5,0,always_pass,0,1.1869592088998764,1.4663164400494437,0.4,0.9,2.0,2.9
NavigationLoginPage,Latency,2500,10,0,always_pass,0,1.0064894932014832,1.2181705809641532,0.4,0.9,1.5,1.5
NavigationLoginPage,Latency,3000,12,0,always_pass,0,0.965389369592089,1.519159456118665,0.4,0.9,1.5,2.9
NavigationLoginPage,Latency,3500,10,0,always_pass,0,0.9755871446229913,2.068294190358467,0.4,0.9,1.5,2.7
NavigationLoginPage,Latency,4000,5,0,always_pass,0,1.1640914709517922,1.3640296662546352,0.4,0.9,2.0,2.0
NavigationPasswordReset,Latency,0,7,0,always_pass,0,1.0,1.5699873896595207,0.8,1.0,2.0,3.2
NavigationPasswordReset,Latency,2000,5,0,always_pass,0,1.0005044136191679,1.1866330390920556,0.8,0.9,2.0,2.1
NavigationPasswordReset,Latency,2500,10,0,always_pass,0,0.8614123581336696,1.008827238335435,0.8,0.9,1.55,1.8
NavigationPasswordReset,Latency,3000,12,0,always_pass,0,0.8843631778058008,1.4042875157629255,0.8500000000000001,1.2,1.6,3.3
NavigationPasswordReset,Latency,3500,10,0,always_pass,0,0.8791929382093316,1.0721311475409838,0.75,0.9,1.6,1.8
NavigationPasswordReset,Latency,4000,5,0,always_pass,0,0.9765447667087012,1.5051702395964692,0.8,2.4,2.1,2.3
PasswordReset,Retry,0,10,0,always_pass,0,1.0,1.140952143569292,0.4,0.9,3.1,3.1
"PasswordResetValidation(""empty"",""email required"",""0"",null)",Retry,0,10,0,always_pass,0,1.0,1.2560685387910517,0.0,0.0,2.2,2.3
"PasswordResetValidation(""invalid"",""bad email password"",""1"",null)",Retry,0,10,0,always_pass,0,1.0,1.2763971531909928,0.0,0.0,2.1500000000000004,2.4
"UserIsAbleToFilterDocuments(""All"",""6"",""Test, Mortgage Provider List, Making more of your money, Defect106224HO, COB Booklet, COB Booklet"",""0"",null)",Load,0,5,0,always_pass,0,1.0,1.204374686926031,0.0,0.0,1.4,1.8
"UserIsAbleToFilterDocuments(""All"",""6"",""Test, Mortgage Provider List, Making more of your money, Defect106224HO, COB Booklet, COB Booklet"",""0"",null)",Load,1750,5,0,always_pass,0,2.212222407747537,2.355652028719319,0.7,0.7,5.8,6.0
"UserIsAbleToFilterDocuments(""All"",""6"",""Test, Mortgage Provider List, Making more of your money, Defect106224HO, COB Booklet, COB Booklet"",""0"",null)",Load,2000,5,0,always_pass,0,2.327433628318584,2.5303055601936886,1.0,1.0,6.3,6.5
"UserIsAbleToFilterDocuments(""My uploads"",""1"",""Test"",""3"",null)",Load,0,5,0,always_pass,0,1.0,1.246523178807947,0.0,0.0,1.8,3.6
"UserIsAbleToFilterDocuments(""My uploads"",""1"",""Test"",""3"",null)",Load,1750,5,0,always_pass,0,1.9355960264900662,2.0302980132450332,0.1,0.1,5.5,6.2
"UserIsAbleToFilterDocuments(""My uploads"",""1"",""Test"",""3"",null)",Load,2000,5,0,always_pass,0,1.9203642384105961,2.2955298013245033,0.1,0.2,6.3,6.5
"UserIsAbleToFilterDocuments(""Newest first"",""6"",""Test, Mortgage Provider List, Making more of your money, Defect106224HO, COB Booklet, COB Booklet"",""4"",null)",Load,0,5,0,always_pass,0,1.0,1.2112833924901925,0.0,0.0,1.4,1.8
"UserIsAbleToFilterDocuments(""Newest first"",""6"",""Test, Mortgage Provider List, Making more of your money, Defect106224HO, COB Booklet, COB Booklet"",""4"",null)",Load,1750,5,0,always_pass,0,2.5544554455445545,2.697552774145339,0.7,0.7,5.4,5.7
"UserIsAbleToFilterDocuments(""Newest first"",""6"",""Test, Mortgage Provider List, Making more of your money, Defect106224HO, COB Booklet, COB Booklet"",""4"",null)",Load,2000,5,0,always_pass,0,2.6304875770595926,2.9252755464225673,0.9,1.0,6.1,6.5
"UserIsAbleToFilterDocuments(""Oldest first"",""6"",""COB Booklet, COB Booklet, Defect106224HO, Making more of your money, Mortgage Provider List, Test"",""5"",null)",Load,0,5,0,always_pass,0,1.0,1.1115149196633511,0.0,0.0,1.4,1.8
"UserIsAbleToFilterDocuments(""Oldest first"",""6"",""COB Booklet, COB Booklet, Defect106224HO, Making more of your money, Mortgage Provider List, Test"",""5"",null)",Load,1750,5,0,always_pass,0,2.7214996174445294,2.8926931905126243,0.8,0.8,7.3,7.4
"UserIsAbleToFilterDocuments(""Oldest first"",""6"",""COB Booklet, COB Booklet, Defect106224HO, Making more of your money, Mortgage Provider List, Test"",""5"",null)",Load,2000,5,0,always_pass,0,3.026778882938026,3.1943381790359604,0.9,0.9,8.1,8.4
"UserIsAbleToFilterDocuments(""Read"",""2"",""Mortgage Provider List, Making more of your money"",""1"",null)",Load,0,5,0,always_pass,0,1.0,1.2404136833731105,0.0,0.0,1.8,2.5
"UserIsAbleToFilterDocuments(""Read"",""2"",""Mortgage Provider List, Making more of your money"",""1"",null)",Load,1750,5,0,always_pass,0,1.9147175815433572,1.9869530628480507,0.2,0.2,5.9,7.1
"UserIsAbleToFilterDocuments(""Read"",""2"",""Mortgage Provider List, Making more of your money"",""1"",null)",Load,2000,5,0,always_pass,0,2.0642800318217978,2.2062052505966587,0.4,0.4,6.7,7.2
"UserIsAbleToFilterDocuments(""Title (A-Z)"",""6"",""COB Booklet, COB Booklet, Defect106224HO, Making more of your money, Mortgage Provider List, Test"",""6"",null)",Load,0,5,0,always_pass,0,1.0,1.215757796826555,0.0,0.0,1.4,1.9
"UserIsAbleToFilterDocuments(""Title (A-Z)"",""6"",""COB Booklet, COB Booklet, Defect106224HO, Making more of your money, Mortgage Provider List, Test"",""6"",null)",Load,1750,5,0,always_pass,0,2.832938172533285,3.6129855918292906,0.8,0.8,7.5,8.0
"UserIsAbleToFilterDocuments(""Title (A-Z)"",""6"",""COB Booklet, COB Booklet, Defect106224HO, Making more of your money, Mortgage Provider List, Test"",""6"",null)",Load,2000,5,0,always_pass,0,2.8318438810869964,2.8761626846616815,0.9,0.9,8.1,8.3
"UserIsAbleToFilterDocuments(""Title (Z-A)"",""6"",""Test, Mortgage Provider List, Making more of your money, Defect106224HO, COB Booklet, COB Booklet"",""7"",null)",Load,0,5,0,always_pass,0,1.0,1.2500441774165048,0.0,0.0,1.4,1.9
"UserIsAbleToFilterDocuments(""Title (Z-A)"",""6"",""Test, Mortgage Provider List, Making more of your money, Defect106224HO, COB Booklet, COB Booklet"",""7"",null)",Load,1750,5,0,always_pass,0,2.4120869411556813,2.7011839547623255,1.0,1.0,6.7,7.0
"UserIsAbleToFilterDocuments(""Title (Z-A)"",""6"",""Test, Mortgage Provider List, Making more of your money, Defect106224HO, COB Booklet, COB Booklet"",""7"",null)",Load,2000,5,0,always_pass,0,2.6545326029333807,2.8953878777169115,0.9,1.1,7.4,7.8
"UserIsAbleToFilterDocuments(""Unread"",""3"",""Defect106224HO, COB Booklet, COB Booklet"",""2"",null)",Load,0,5,0,always_pass,0,1.0,1.784989503149055,0.0,0.0,1.4,3.5
"UserIsAbleToFilterDocuments(""Unread"",""3"",""Defect106224HO, COB Booklet, COB Booklet"",""2"",null)",Load,1750,5,0,always_pass,0,2.144856543037089,2.262246326102169,0.3,0.3,6.1,6.3
"UserIsAbleToFilterDocuments(""Unread"",""3"",""Defect106224HO, COB Booklet, COB Booklet"",""2"",null)",Load,2000,5,0,always_pass,0,2.4921273617914625,3.4326452064380684,0.6,0.6,7.4,8.9